0;0.43;-1.67;10.5;-22.0;28.191933243394285;27.921695865401873
1;2.04;3.86;21.5;23.0;27.57459700521478;27.41788467405901
2;1.43;2.23;21.0;21.5;27.73634979589059;27.55643482020125
3;5.47;5.53;24.0;24.0;28.160772361567076;27.311702619939314
4;2.32;-0.84;23.0;-22.0;28.263007624808797;28.712269154492127
5;2.07;1.79;21.0;21.5;27.656917760300043;28.349001746093283
6;5.44;3.97;23.0;22.5;27.356651841919543;27.706120262497958
7;3.29;1.44;21.5;21.0;27.411054339444878;28.263517120132096
8;3.41;2.32;23.0;21.5;28.108039775124837;28.675383170936012
9;0.67;-1.34;21.5;-22.0;27.77698867768067;27.75832127488981
10;-0.57;3.46;-11.0;24.5;28.0667971097523;28.301031783311362
11;-3.28;7.78;-22.0;25.0;27.818727505045953;26.768481466082456
12;-1.63;4.18;-21.0;23.0;26.76253164407284;27.52685234457438
13;5.95;3.21;23.5;23.0;27.549001796798372;28.076785784701215
14;0.49;8.73;-10.0;24.0;27.920062679012737;25.940645712857652
15;1.78;-1.4;22.0;-21.5;27.54472000220732;28.126144421160895
16;-5.03;3.67;-24.0;22.5;27.15932804765243;27.319976207895937
17;1.46;5.66;21.0;24.0;27.596528767219976;27.290005496518315
18;4.51;6.96;23.5;24.5;27.58930771150302;27.268633995856852
19;-1.5;1.36;-21.0;21.0;27.789746310464945;28.28834388931243
20;2.94;2.06;23.0;21.5;28.0452562833717;27.814320052807332
21;3.62;3.07;23.0;23.0;27.916224673117963;27.879833213274427
22;3.31;1.77;24.0;21.0;28.410806042771828;27.59596166108367
23;1.19;-0.84;11.5;-21.0;27.098595904585164;27.5375089650462
24;1.07;2.17;21.5;21.5;27.884495692050805;27.724016664257004
25;3.33;-0.58;23.0;-10.5;28.710296062562644;27.43471523453451
26;1.91;2.77;22.0;21.5;28.448934953702576;27.775116561411583
27;1.94;6.82;22.0;24.0;28.10936498749127;27.517405400945783
28;2.02;2.74;21.0;23.0;27.873277525257055;28.981242209401582
29;7.38;4.85;24.0;23.5;27.203227749662354;28.028333878416674
30;1.45;4.88;22.5;24.0;27.71583482415783;28.078205070837416
31;1.6;2.68;22.0;21.5;27.835588730975317;27.761801094309426
32;1.75;-0.4;22.0;-21.0;27.928614358754;28.865896833460763
33;1.73;5.67;22.0;23.0;27.767194672850913;26.90318010942201
34;3.14;6.68;22.0;24.5;27.708489673744403;27.231922444072875
35;1.07;5.21;21.0;24.0;27.324807410117277;28.083908203809525
36;2.64;4.12;22.0;23.5;28.1192176278075;28.202581442130434
37;4.47;5.23;22.5;24.0;27.377163841420828;27.027339861703002
38;1.14;2.88;22.0;21.5;28.506848300013807;27.57363958566225
39;2.51;-3.1;23.0;-22.0;27.674354554352302;28.37868918748715
40;5.26;-0.39;23.0;-12.0;27.015780573583285;27.544834361455145
41;1.38;-0.5;10.0;0.0;26.80849865247959;28.18634421133752
42;1.98;1.56;23.0;22.0;28.575157042438107;27.541357991210234
43;5.59;7.01;22.5;23.0;27.044073287875854;26.46979221678931
44;2.19;0.36;22.0;11.0;27.92407384319129;27.703617092358176
45;7.24;3.02;24.0;23.5;26.408377458677766;28.63179351699785
46;0.0;2.45;-1.0;21.0;27.566646513495254;27.551179648065887
47;3.03;11.06;23.0;25.5;27.571889670459658;25.90900229649919
48;-0.65;1.22;-10.5;21.0;27.59578772204193;27.579912980283314
49;4.55;0.17;21.0;-11.0;27.19388718076178;27.477647279197686
50;1.95;1.27;22.0;21.0;27.28493173896538;28.254505835353058
51;-0.55;2.25;-8.5;22.0;28.134098528298363;27.31753100117212
52;0.24;2.01;10.5;21.0;28.35810995112333;27.170386452901255
53;3.18;4.36;22.0;24.0;27.777465687135674;27.328929726573637
54;-1.83;1.88;-22.5;23.0;28.973109946983598;28.470082542908088
55;-0.03;1.37;2.0;22.0;27.83718915407948;28.395652836305768
56;1.62;1.97;21.0;22.0;27.95023434606587;27.7147812547745
57;-0.09;2.5;-21.0;22.5;27.67818455029159;26.955333424018335
58;0.17;0.58;0.0;21.0;28.34644774923306;28.0521585622212
59;-0.71;-0.85;-21.0;-22.0;28.48448525074659;27.908556035739295
60;2.89;-0.05;22.5;-10.5;28.032086971897044;27.561703503230707
61;1.97;3.88;21.5;22.0;27.759126427177062;28.17384602783227
62;4.86;0.12;24.0;21.0;27.807919735212128;27.961502105573658
63;0.59;-0.46;10.0;-21.0;27.589887640220645;28.537841544167282
64;2.09;-0.77;22.0;-11.0;28.254236850426523;27.618419578245238
65;4.23;2.68;24.0;22.5;28.131780960330257;28.006384986284825
66;7.86;4.66;24.0;23.0;27.609063729145184;27.445298322299212
67;-0.27;1.44;-10.5;11.0;28.517312285697614;28.153266240349453
68;6.99;-1.77;24.0;-22.0;27.570453387639457;28.176534563356086
69;1.91;5.74;22.5;24.0;28.079919871680545;27.452730283161273
70;-2.0;-1.78;-22.0;-21.0;27.36019005781941;27.90898779963186
71;1.43;2.22;21.5;22.5;28.445475914457823;28.378012615403495
72;-0.2;4.74;10.0;23.5;28.37675104729222;27.72926973434389
73;4.0;-1.5;24.0;-21.0;28.047103237232896;26.985366404775757
74;-0.8;2.46;-11.5;22.5;27.909496591662133;27.23505828890403
75;-1.14;2.82;-10.5;22.0;27.79245221278612;27.58346606211772
76;1.98;1.07;21.5;11.5;27.858564212823314;27.150416203071362
77;0.7;0.31;21.5;-10.0;28.2678262340775;27.984529654793203
78;1.89;1.76;21.0;21.0;27.571323871007714;28.143958499116643
79;-0.86;6.03;-12.5;25.0;27.63295858209902;27.56935073591687
80;-0.18;-1.38;11.0;-22.0;28.427233421492144;28.800965261601913
81;4.64;7.96;23.5;25.0;27.643632178134624;27.419671770464358
82;2.83;-0.06;22.0;-11.0;28.100197508202676;28.226165166384188
83;1.42;4.36;21.5;23.5;28.047523954887712;27.89893187919566
84;3.53;1.85;22.0;21.5;27.668557967483594;28.345149496871596
85;1.07;-6.16;21.0;-23.0;28.635731176276952;26.51064691779512
86;4.67;0.38;24.0;11.5;28.202856238331606;27.640470328849325
87;2.45;4.29;22.0;22.5;27.302151929838793;27.441317388201316
88;1.82;3.58;21.0;22.0;27.667808008586437;27.987204219071256
89;2.51;1.36;22.0;21.5;27.89605527668742;28.41954257196973
90;3.44;0.73;22.5;9.5;28.221027621261424;28.05097324514784
91;-5.2;7.43;-23.0;24.0;26.847346237570676;26.654926373936952
92;-0.77;2.65;-21.0;22.0;27.189282815109337;27.321557422665354
93;0.6;5.86;10.5;24.0;27.750675667449972;27.71967532277389
94;4.25;2.01;23.0;22.0;27.075588636260523;27.633492359815833
95;9.06;4.98;25.0;23.5;26.588651714594327;27.948874753735616
96;2.0;-2.47;21.5;-21.5;28.13289889080043;27.231766376788705
97;0.08;1.63;-0.5;22.0;27.48624383214265;27.913672277219277
98;0.55;6.72;10.5;24.0;27.407435122608604;27.64202597495343
99;-2.63;2.5;-22.5;22.0;27.508782234043004;27.219294627157407
100;5.26;5.02;24.0;22.0;27.759546105799352;27.728678295223517
101;2.35;2.99;22.0;22.0;28.096040646325953;26.669268831372186
102;1.58;-0.77;23.0;-11.0;27.669542822388664;27.473206947861037
103;-1.53;1.9;-21.0;21.5;28.252594571118596;28.292931979559846
104;2.33;5.64;22.0;23.5;27.93494406652714;27.20092645481032
105;0.87;4.86;21.5;23.0;28.364645247208717;27.315204557169253
106;-0.98;0.68;-21.0;21.0;28.104085112310628;28.00709910004962
107;5.82;1.71;22.0;21.0;27.17108021408056;27.37637485132025
108;4.16;3.13;24.0;22.0;27.496807087369252;27.62341579167935
109;-0.2;6.51;7.5;24.0;28.338666164800348;26.927122014801363
110;5.94;3.6;23.0;23.5;27.491387742345783;28.126855494349172
111;2.3;1.41;21.5;22.5;27.938682860865143;28.796560558511146
112;2.08;0.6;22.5;10.0;27.682008597643343;27.705234162518824
113;0.9;-2.25;0.5;-21.0;27.846543771175625;27.45045536962912
114;1.41;-0.46;21.0;10.0;27.238977587273716;27.538126297916495
115;3.67;4.41;23.0;23.5;28.1677315380561;27.362417656340238
116;-0.57;-1.45;-12.0;-22.0;28.101336267159965;27.613900485081786
117;-0.32;4.05;1.0;24.0;28.193928424396628;28.199069133572475
118;4.32;4.11;22.5;23.0;26.745795931323485;28.053126385485093
119;6.89;6.45;24.0;25.0;27.430966078503324;27.36178904969483
120;1.61;5.79;21.0;24.5;27.472493516242753;27.926795376483856
121;2.95;7.23;22.0;24.0;27.450091074530153;27.39702721099499
122;-0.83;4.76;-1.5;23.0;27.389799196051072;27.989326537092673
123;2.06;6.51;21.5;25.0;29.06916579470419;27.278744472574246
124;2.49;1.26;21.0;21.0;27.443941043516322;27.67150881321798
125;-1.42;1.12;-21.5;21.0;28.25992922850303;27.75798263563114
126;0.02;1.06;12.0;12.5;28.305469436135485;28.148115389844488
127;1.64;4.58;21.0;24.0;27.410041955458592;28.27018924591769
128;-0.28;-0.03;-10.5;12.5;28.101985694964693;27.957272756833774
129;0.24;1.97;21.0;22.0;27.647466430036587;28.044769565821003
130;2.59;1.52;22.0;21.0;27.579374539680916;27.729579874206536
131;-0.18;0.32;-0.5;3.0;27.632726973644857;27.434605883810324
132;6.06;2.34;23.5;22.0;26.94283578244874;28.28929832993389
133;-0.6;0.47;-21.5;0.0;28.299823321003263;27.824972596572312
134;3.66;-0.13;22.5;0.0;28.097409133227924;27.975222966046218
135;-2.3;-1.0;-21.5;-21.0;28.104625953746474;27.853545555278956
136;6.28;4.23;24.0;23.0;27.613793654621233;28.1917913584788
137;3.06;4.5;21.0;23.5;27.655675728501013;28.052272635207295
138;5.24;6.29;23.0;23.5;27.604028691479076;27.547883766271408
139;3.88;1.0;23.0;21.0;28.098854069160897;28.44468315872054
140;1.8;1.39;22.0;22.5;27.618110000505105;28.313563887296137
141;0.98;0.04;11.5;0.0;27.236365396285898;27.922005658619867
142;-1.28;1.95;-22.0;22.0;28.317514015181487;28.8119332916068
143;2.22;1.55;21.0;21.0;27.80308615963343;28.38710094391465
144;8.1;0.5;25.0;21.5;26.89665406700246;27.442849706253174
145;2.01;0.68;21.0;21.5;27.09926013750191;28.766953262380778
146;2.88;0.13;22.0;-8.0;28.07571192329769;28.114286403890812
147;2.01;5.85;21.0;24.5;28.280910522824403;27.016800328684372
148;1.29;4.19;21.5;23.5;28.07749810791553;27.658884648517553
149;2.5;2.73;21.0;21.5;27.798381247835277;27.784475881326248
150;2.46;6.08;23.5;25.0;28.293257147242702;28.16475812074373
151;-3.06;4.7;-22.0;23.5;27.957760997619246;27.333678859604685
152;0.18;7.31;0.0;24.0;27.4387973497382;27.172668253228277
153;0.1;4.38;-10.0;23.0;27.641092597797215;27.960965648560855
154;-1.39;3.67;-21.5;24.0;27.904442298673523;28.173411224060175
155;4.81;6.36;24.0;24.0;28.355844194804003;27.447958029696853
156;-0.05;4.97;0.0;24.0;28.097464298402443;28.077198934366653
157;1.26;5.88;21.0;23.5;28.154793552786;26.967491540742163
158;-0.15;3.41;-11.0;22.0;27.800494599916743;27.76908172770572
159;4.81;1.64;24.0;21.0;27.49607062836434;28.217554819650836
160;-0.95;-0.51;-23.0;-21.0;28.549387033700043;28.065813724173402
161;8.11;7.83;23.0;26.0;25.87388451701831;27.737719805348096
162;2.69;4.9;22.0;23.0;28.23887214461654;27.406021236217413
163;5.0;-0.81;24.0;-11.0;27.057346507002492;27.27698480404314
164;2.44;6.44;22.0;24.0;27.868735170437855;27.542447240577587
165;3.94;7.67;25.0;25.5;28.326249310489377;27.492564449319747
166;-2.87;4.99;-23.0;24.0;28.29828793407827;28.002319546780406
167;4.73;4.72;23.5;24.5;27.448444400366302;27.714285125184087
168;3.81;3.72;24.0;23.0;27.66864470840594;27.568851989156165
169;2.22;3.9;21.5;23.0;27.25750538842467;27.196874820464206
170;0.14;8.01;10.0;24.0;27.75284489921709;26.697750841597124
171;3.64;6.51;23.0;24.0;27.686646600843513;27.784706224828074
172;2.3;3.4;22.0;22.5;28.200177304407145;27.487815482500608
173;-0.35;5.87;-11.0;24.5;28.256105534910507;28.276723643307754
174;5.22;3.74;24.0;22.0;27.51675126173146;27.948388146725023
175;-2.73;7.66;-21.5;25.0;27.904427964034667;26.858600112440705
176;1.88;4.51;22.0;24.0;28.005813682162493;28.06474478772255
177;5.84;5.46;24.0;24.0;26.770028016421648;27.458849211137743
178;4.0;5.11;22.0;24.5;27.28112900889551;27.863917527871056
179;0.59;4.95;0.0;22.0;28.305863350196546;28.13765270949231
180;9.38;5.73;26.0;24.0;26.364665747928612;27.772596205612473
181;4.79;1.13;23.0;21.0;27.616768456863305;28.179302688320732
182;5.0;4.05;24.0;24.0;27.778408881719628;27.90533103190141
183;2.43;-1.42;21.5;-23.0;27.456968150180018;28.268066789223493
184;-2.53;2.91;-22.5;22.0;27.71225541164053;28.406018728431476
185;-0.33;2.33;-15.0;22.0;28.08916339088795;28.0464097524086
186;5.05;3.39;23.5;22.5;26.976424892857835;28.138192905728683
187;-0.41;2.67;-11.5;21.5;27.952851375128088;27.079163576447485
188;-1.42;6.27;-21.5;24.0;28.095615316273108;27.151005506242303
189;4.03;-2.19;24.0;-21.5;27.98551589662052;28.41045406184139
190;2.83;1.38;23.0;21.5;27.731229687844714;28.85611893515828
191;-3.33;3.78;-23.0;23.0;27.844947477055868;27.599123174477846
192;4.63;1.43;22.5;21.0;27.46621743160132;28.674467736995574
193;0.03;0.76;10.5;21.5;27.91718288079942;27.942483783658176
194;1.05;-0.21;11.5;-21.0;27.7753037787168;28.096724008325243
195;-0.07;1.51;21.0;21.0;28.504825907203852;27.639643630119398
196;3.96;8.84;22.5;24.0;27.39486083191517;26.932032971909123
197;1.44;-1.81;21.0;-23.0;27.943271104149566;28.032015624995644
198;1.15;4.46;21.0;23.0;27.976195238094835;27.960121602024554
199;2.38;2.07;21.5;21.0;27.823651809207217;27.568552736768755
200;3.77;-2.05;22.5;-22.0;27.649902350641312;27.302151929838786
201;1.46;3.92;21.0;24.0;27.480691403238023;28.235325392139544
202;2.28;1.37;22.0;21.0;27.81621110072326;27.255331588516764
203;1.96;3.62;21.0;22.5;27.531407519413168;27.089769286577543
204;2.77;6.01;22.5;24.0;28.69698764678969;27.26847813868607
205;2.78;4.75;23.0;23.0;28.310626979987568;28.256813337671325
206;3.93;-0.84;22.0;-21.0;27.61313274512691;27.781547833049192
207;1.19;5.92;21.0;24.0;28.511995721099563;27.710171417730347
208;0.28;6.22;-10.5;24.0;28.062815254353936;26.940148477690318
209;4.16;1.71;23.0;22.0;27.984181245839586;28.18094923880315
210;-0.93;1.54;-21.0;21.0;27.68113256353504;27.95296764209482
211;-0.49;7.71;-21.0;24.5;28.37058159432055;27.19753481475849
212;2.24;2.0;21.0;21.0;28.114807486447422;28.127566549561305
213;3.22;4.73;23.5;25.0;28.466675253706743;28.134269139254357
214;0.64;3.54;21.0;23.0;28.293645929784304;27.77099926181987
215;10.11;3.9;25.0;23.0;26.546900007345492;28.03265952420498
216;2.41;7.71;21.5;25.0;28.510382319428828;27.48428460047669
217;-0.07;1.96;0.5;21.5;27.53261883657274;27.69184717565804
218;-0.05;1.38;-21.5;21.0;27.87808278917329;27.657107585573733
219;-5.62;9.47;-23.5;25.5;27.729688061714654;26.97497173307138
220;-0.82;6.07;-21.5;23.0;28.117389637020004;26.782552156207963
221;-0.23;2.13;-10.5;22.0;27.77547659357081;27.986659321898355
222;1.97;1.41;21.5;21.0;28.58337103981964;27.723309686976407
223;2.36;0.96;22.5;21.0;27.856245260264345;28.282121561155908
224;4.93;5.25;25.0;24.0;27.68944022547224;27.585276870098657
225;2.19;0.94;21.0;21.0;27.962008153921996;27.996364049640444
226;0.0;4.02;10.5;23.0;28.19113335784853;27.667663435859563
227;-3.08;4.06;-22.0;23.0;27.56471657753803;27.714912953137706
228;5.11;3.02;25.0;22.0;27.111213547165313;28.23897306914683
229;4.11;7.15;24.5;24.5;27.353571978811104;26.711186795049
230;2.96;3.61;22.5;22.0;28.04707471377363;28.590171388083704
231;1.07;2.55;10.5;22.5;27.37124586130489;28.17565438459238
232;0.92;0.95;21.0;0.5;28.302890311768518;27.878441491589875
233;-2.14;4.09;-21.0;24.0;28.634252216532566;27.73521047333155
234;-0.9;2.36;-11.0;22.0;27.824988769090275;27.54251985567043
235;1.65;2.79;21.0;23.0;28.05971311328753;27.87446681104412
236;5.63;5.39;24.5;23.5;28.362177278904383;27.333091665598314
237;2.87;4.99;23.5;23.0;28.37275277444894;27.558481453084458
238;3.29;3.33;23.0;22.0;27.25263106564208;27.57682178932155
239;0.43;-0.97;10.5;-21.0;28.03435570866575;27.785771538685047
240;1.75;3.96;22.5;22.0;28.20013297840987;27.924154418710692
241;0.57;3.21;21.0;22.5;27.982943018917794;28.3009876152759
242;0.67;2.82;21.5;22.0;28.11407298845189;28.296423802311132
243;-1.5;1.55;-21.5;21.5;28.486312502673982;28.077170441481456
244;3.6;-0.71;24.0;-1.5;28.417600180170034;27.745736609432445
245;1.57;6.74;23.0;24.5;27.87445246099015;26.9260542969073
246;5.25;2.65;25.0;22.5;28.12556666095814;27.861577485849576
247;3.2;-3.96;22.0;-23.0;28.068487668558134;27.24038178880759
248;3.02;-0.04;22.0;1.5;27.747425105764318;27.330905583240376
249;-2.14;5.35;-22.5;23.0;28.547511275065645;27.521764114969084
250;3.11;6.16;22.0;24.0;28.303319593291523;27.05428616689045
251;1.58;2.65;21.0;21.0;27.81660655076388;27.357403020023668
252;0.57;7.56;10.5;24.0;28.107740926655772;26.555722547127207
253;-1.32;2.28;-22.0;22.0;28.783286817179167;27.814773053181646
254;1.18;0.71;22.5;21.0;28.1863016374976;27.9024353775795
255;1.53;5.79;21.5;23.5;28.244098498624453;27.30212262810348
256;1.44;5.36;22.0;23.0;26.92668564825608;26.98759715128414
257;-1.54;2.74;-22.0;22.5;28.26319868663135;27.638965248359064
258;1.02;3.07;22.0;22.0;28.201411312202094;27.782820231214828
259;0.65;1.67;21.0;23.0;28.016200670326448;28.23652067801555
260;2.44;5.3;21.5;23.5;27.91426875273647;27.4395699674758
261;1.56;3.73;22.0;24.0;28.16285496891251;28.01137447538053
262;-1.03;5.33;-21.0;24.5;28.49822976958394;27.506746445190494
263;3.47;-1.73;22.0;-21.0;27.678314616320122;27.254304247219377
264;2.27;1.74;23.5;21.0;28.207394420612477;27.022442524686767
265;11.18;-2.24;26.0;-22.0;26.12254964585195;27.917062882760426
266;-2.94;3.33;-21.5;24.0;27.087938275180704;28.069932311995338
267;6.52;3.22;24.0;22.5;27.76922037076302;27.25090090253898
268;0.59;1.86;11.0;22.0;27.798595288251523;28.430272598059975
269;-0.64;3.86;-21.0;23.0;27.801985540604825;27.77913605568035
270;1.44;6.8;21.0;24.0;27.754754547644627;28.03676158189458
271;1.83;-0.1;22.0;0.0;27.95569888233882;28.249070781177917
272;1.79;0.99;22.0;22.0;28.036866800696547;28.46383494893125
273;4.2;2.66;24.0;21.5;28.05886669129742;27.34674386467244
274;1.01;3.42;2.0;22.0;27.300730759450378;27.381811481346517
275;-0.03;1.58;-10.5;21.0;27.886360465288405;28.300593633349813
276;3.52;6.87;22.0;24.5;27.956566312764522;27.489872680680058
277;-0.85;4.1;-21.0;22.5;27.379691378830408;27.734995943753084
278;-2.1;3.39;-21.5;22.5;27.482176041936707;27.55390897858233
279;2.73;6.27;22.5;24.0;28.083039365424817;27.842361609604882
280;1.33;5.89;21.0;24.0;27.24593731182688;27.26165622261421
281;3.02;5.41;22.0;24.5;27.31189484455445;27.655051979701646
282;2.27;9.4;22.0;26.5;27.920907936526707;26.598120234332352
283;3.08;4.11;21.5;24.0;27.938747287593266;27.89153814331508
284;-1.26;8.27;-21.0;24.5;28.468796953858092;27.937736128756033
285;-0.47;8.17;-0.5;25.5;27.76669047618027;26.903180109422006
286;0.46;2.49;8.5;22.0;27.760194523814132;28.501050857819262
287;4.52;5.63;24.0;23.0;27.97230058468556;27.128824154393428
288;2.62;3.38;22.0;23.0;28.30645862696356;28.0584318877588
289;-0.37;4.59;-10.5;23.0;28.225752425754745;27.876547490677535
290;0.61;0.04;21.0;-11.5;28.24956459841461;28.665630989043308
291;5.24;4.8;23.0;23.0;27.62539411483572;27.234169713798877
292;3.28;1.32;24.5;22.0;29.158559635208317;27.928795176305048
293;0.63;-1.69;10.5;-22.0;28.64006110328678;28.311020822287563
294;3.43;4.21;23.0;23.0;28.040775666874836;28.158939965843885
295;1.13;0.34;21.0;21.0;27.53966412286105;28.273740467083588
296;0.85;3.58;21.0;23.5;27.573311371686934;27.42159003413187
297;-1.83;2.47;-21.0;22.0;27.74348752410194;27.747956681528823
298;6.0;0.1;23.0;-10.5;27.115678121706637;27.265912785014184
299;3.81;4.71;23.5;22.0;28.198118731574986;27.25153023226402
300;4.94;2.61;23.5;23.5;27.623113510247173;27.895123229697337
301;2.9;4.39;22.0;23.0;27.9748100976575;28.20882663281123
302;0.91;7.98;21.5;24.0;27.985387258353242;26.710290151924596
303;-1.68;1.0;-21.0;21.0;28.038858749956283;27.997857060853782
304;1.27;3.65;22.0;21.5;28.336497666437182;27.257063304765612
305;4.18;2.4;24.0;23.0;28.514690950455694;28.097686737523432
306;3.93;5.57;22.0;25.5;27.657279331127274;28.085318228569175
307;-2.96;4.54;-24.0;23.0;28.509970185884097;27.79511467866251
308;6.37;2.21;24.0;21.0;26.670078740041244;27.95578473232329
309;0.8;2.1;21.5;22.0;27.92418306772823;27.611772851448706
310;6.15;3.57;23.0;22.5;27.264033083900117;27.967572293640366
311;3.48;4.6;22.5;22.5;27.920415469688123;27.796762401402077
312;2.71;5.19;23.0;23.0;28.396934693730593;27.88859802858509
313;1.29;0.6;21.0;11.0;27.83282055415872;28.196808330022034
314;-0.99;-0.63;-21.5;-22.0;28.06046863471813;28.322660538868874
315;6.88;3.54;23.5;22.5;26.87537162533758;27.983716693820355
316;3.03;-0.7;23.0;-21.0;27.46942118065104;27.535613303502068
317;-0.41;5.86;-21.0;25.0;28.152831118734753;27.356907719989117
318;2.63;3.65;21.0;22.5;27.604947020416468;27.317531001172124
319;5.83;3.31;24.0;23.5;27.260981273607893;28.21442716058577
320;2.97;-1.6;22.0;-21.0;27.272497135392644;27.976776083030014
321;3.26;9.49;22.0;25.0;27.67439972248721;26.935290976709346
322;-0.41;0.8;-9.5;21.0;28.44612275864674;28.28851356999869
323;5.28;1.39;24.5;21.0;27.79067469494039;27.93452881292255
324;0.33;3.94;-9.5;23.5;27.58008520653988;28.34918693719451
325;0.63;0.19;21.0;13.0;27.974508038569684;27.477516263301524
326;-2.52;-1.04;-21.0;-21.5;28.209034013946663;27.081698617331963
327;3.75;1.4;22.0;21.0;27.8479352915077;28.435541141325235
328;1.02;-0.4;21.0;-10.5;28.49771218887579;27.498363587675545
329;0.37;-0.1;1.0;-11.5;28.596032941651192;27.20937338492013
330;-0.66;6.95;-21.0;23.0;28.066784639498696;27.02753225879122
331;0.63;8.44;10.0;26.0;27.602048836997593;26.810192091814635
332;6.17;5.58;24.0;24.0;27.308260654973978;27.62179574176885
333;5.74;1.36;23.5;21.5;27.65741130330169;28.015538545600016
334;3.43;8.18;23.0;25.0;27.90994625577054;26.311358763849505
335;0.54;0.55;10.5;11.5;27.651553301758653;28.32044314625038
336;-5.45;6.89;-24.5;25.5;27.658768953082493;27.68136376698229
337;1.19;6.31;21.0;24.0;27.460770200414988;27.157207146538468
338;-2.05;0.74;-22.5;11.0;27.840034123542306;27.865613217727688
339;2.75;1.52;22.5;21.0;28.6022289341233;27.675794478207848
340;2.13;1.98;21.0;21.5;27.930504828950014;27.829473584672783
341;-0.44;4.15;-11.0;24.0;27.69271384317543;27.949731662397046
342;-1.52;3.26;-22.0;24.0;28.12915924801166;28.06835228509148
343;-1.49;8.45;-21.5;24.5;28.306357943048766;25.916934618121797
344;2.0;1.52;21.5;23.0;27.331300737432898;28.946668202057385
345;0.35;4.36;10.0;22.5;28.438486246634156;27.545787336723556
346;-2.11;6.93;-21.0;23.0;28.538708800504626;27.05411428969723
347;3.8;1.3;22.5;21.5;27.774448689397957;28.120277381277734
348;2.44;1.73;21.5;21.0;28.120924593618895;27.534652712536612
349;-0.29;-3.02;-1.0;-22.0;27.736364217395185;27.615568073099638
350;6.02;2.21;23.0;22.0;27.263521415987334;28.270583651562625
351;2.48;6.38;23.0;25.0;27.647234943118633;27.181530494068944
352;3.5;1.36;22.5;21.5;27.883507670305757;27.882438917713063
353;8.58;5.2;26.0;24.5;26.760859477976414;27.76580630919981
354;3.75;2.26;23.0;22.5;27.275767633560747;27.89036392734953
355;-0.19;4.23;10.5;23.0;28.258696006716235;26.85697488549297
356;0.07;4.55;0.0;23.0;27.81879041223755;28.165004881945254
357;-0.21;-1.33;9.5;-12.5;27.993318845753173;27.50020181744127
358;4.53;3.85;23.0;22.0;28.336709406704234;27.658768953082493
359;0.28;1.66;12.0;21.5;28.875276622051608;27.287440334336967
360;-3.39;3.19;-23.0;23.0;28.24177579402542;28.70877740343535
361;1.57;-0.47;21.0;-21.0;27.81303830939727;27.994090447807018
362;1.36;0.94;21.0;21.0;27.832182810552247;27.74808822243435
363;2.27;-0.79;22.0;-10.5;26.843567199610415;28.034369976869463
364;3.21;9.27;23.0;26.5;27.23537956408906;27.124842856687668
365;0.83;2.6;21.0;21.0;28.012516845153346;27.960329039551738
366;-0.6;2.18;-21.0;21.5;28.20354587636101;27.945081857099648
367;0.88;2.68;22.0;22.0;27.872308838702256;27.55499228814989
368;2.5;2.38;22.5;22.0;27.84726198390068;27.360840630360755
369;6.84;2.02;25.0;22.5;27.297516370541846;28.178708274156214
370;-0.97;5.87;-21.0;26.0;28.176747505700508;28.406567902511558
371;1.47;2.96;22.0;23.0;27.411842331372043;28.175137976592058
372;5.08;4.47;24.0;21.5;28.20165952563785;27.10182835160757
373;5.47;5.9;24.5;24.0;27.994090447807014;27.68916755700684
374;5.02;3.91;23.5;25.0;28.335835967904668;28.537026824811303
375;7.68;-0.06;26.0;0.5;27.640506507660092;27.368163986646966
376;3.22;4.85;22.0;23.5;27.634246868695374;27.797976545065293
377;-0.1;8.12;-11.0;26.0;28.195567027460182;26.8761157907909
378;4.78;6.26;23.5;24.0;27.01206397149244;27.43123037707204
379;5.5;2.39;24.0;22.0;27.969090081731295;27.95027549059221
380;4.57;2.89;23.0;23.0;27.86440561002513;27.96029148632038
381;2.03;1.91;22.5;21.5;27.709729338266726;28.015029894683316
382;-2.68;4.39;-22.5;23.0;27.81685819786268;27.74415073488464
383;2.19;3.46;21.0;22.0;27.614740628874284;27.688055186307324
384;1.39;0.71;22.0;21.0;27.741267094348807;27.91067716842428
385;-0.87;2.33;-21.5;21.0;28.122466108078076;28.455598746116728
386;3.32;3.33;22.0;21.5;27.819374543652128;27.27418376413857
387;4.25;8.97;22.0;25.0;26.542183406796056;26.841555469085616
388;4.33;0.92;23.0;21.5;27.30423227267158;28.287693437252884
389;1.33;-0.08;22.0;11.0;28.532456956946415;27.72568484275907
390;5.47;2.96;25.0;22.0;27.41476062270105;27.39997080290415
391;6.14;-1.02;25.0;-21.0;27.906995538753364;27.95102144824049
392;6.49;3.36;24.0;22.5;27.386673766633287;28.005185234166905
393;4.51;1.81;24.0;22.5;27.485085046257357;27.93588910344541
394;-2.13;6.37;-22.0;23.0;28.03984843040347;27.047977743262063
395;1.12;2.97;22.0;21.5;28.01045519087471;27.56717432019466
396;5.29;1.33;23.5;21.0;27.075559089333684;27.964997765063387
397;1.79;5.66;21.0;25.0;27.970089381337345;27.58812063189517
398;6.52;-0.05;23.5;11.0;26.626858620573326;28.097108392145977
399;-0.54;-2.41;10.5;-21.0;27.96226743309634;27.37557122691689
400;1.41;2.4;21.0;21.5;27.682880991688705;27.547413671704284
401;4.37;2.62;22.0;23.0;27.150931844045427;28.0570062551228
402;0.09;3.73;21.5;22.5;27.92600759149077;26.98030948673495
403;0.98;1.55;21.0;21.0;27.234162370082174;27.217044292134297
404;2.16;4.98;22.5;22.5;27.819676489851563;27.234896731950354
405;2.11;2.12;22.5;21.5;29.13653891593852;27.95792553105469
406;2.58;1.93;21.5;21.5;27.291822951206466;28.217815294597134
407;7.16;3.17;24.0;23.0;27.02469981331893;27.9703610988489
408;-0.66;6.25;1.5;25.0;28.060370631907197;28.216085837691946
409;0.65;3.89;22.0;23.0;28.208287789229605;27.679196158848256
410;3.49;1.26;23.0;21.5;27.598730043246558;28.848438432608447
411;4.4;2.24;23.5;21.0;27.509271164463808;27.189748067975916
412;-1.66;4.76;-21.0;23.0;27.792524174676903;27.309749174974126
413;2.42;4.51;21.0;23.0;27.429611736224047;27.70505188589258
414;3.57;1.08;22.5;21.0;27.723006691194232;28.019878657838618
415;4.72;-0.73;24.0;-21.5;27.951772752367603;27.23962371252584
416;5.42;0.44;23.5;-10.5;27.69266328831519;27.921074477892137
417;1.01;-2.53;21.0;-23.0;28.392779011572642;27.930791252665937
418;2.74;1.45;22.0;11.5;27.325672910287132;28.21679464432486
419;-1.17;4.13;-21.0;22.5;27.40804808810726;27.74262244273241
420;-1.09;0.2;-21.0;-10.5;28.044997771438673;28.016066818880912
421;9.04;0.81;25.0;22.0;26.237347426902748;28.73175769075049
422;1.82;2.34;21.0;22.0;28.40154221164759;27.565275257105633
423;2.01;3.12;22.5;23.0;27.96014842592936;28.612333005192006
424;-0.37;1.97;-10.5;21.5;28.06622703535336;27.939740514185164
425;4.57;3.9;23.0;22.5;27.454782825584328;28.031946061591942
426;3.81;3.23;23.0;21.5;27.859179815637077;27.356116317927878
427;1.0;3.46;21.0;23.0;27.298351598585583;28.494006387308893
428;1.83;4.1;21.0;22.0;27.149237558355114;27.396897634586296
429;-0.3;2.76;-21.0;22.0;27.999107128621084;28.11267329870996
430;-0.86;9.79;-23.0;25.0;28.047466908795887;26.34399172486964
431;6.26;-2.34;25.0;-22.5;28.1675771056014;27.659074460292413
432;3.93;-0.79;25.0;-21.5;28.598340860966044;28.252183986375286
433;-0.6;5.19;-21.0;23.0;27.910213184424087;27.695737939257004
434;3.68;1.27;22.0;21.0;27.49941090278117;27.887938252943687
435;6.25;6.13;24.0;23.5;27.271734451625917;27.576314111933094
436;4.38;7.01;22.0;24.0;26.69823215121181;26.891446595525498
437;3.66;-0.99;22.0;-21.0;27.579419863369136;28.331782506577305
438;2.43;-1.46;22.0;-22.0;28.45145163256174;28.025138715089355
439;1.07;2.63;21.0;23.5;27.743199166642626;28.719211340146515
440;4.87;8.52;23.0;25.0;27.7422619842002;27.556661626546852
441;-2.04;4.16;-22.0;24.0;28.2478034544281;28.288768089119745
442;3.84;3.35;22.0;22.5;27.561828676631745;27.913571967772235
443;1.57;5.69;21.0;23.0;27.828853731334313;27.727132920660946
444;5.24;5.61;22.5;24.0;27.249998165137555;27.71566163742082
445;4.94;3.73;23.0;22.5;26.880037202355208;27.73512394059201
446;4.41;3.37;23.5;22.0;28.11693262075363;27.76316084310286
447;1.1;1.45;22.0;21.5;27.920422632904398;28.02583629439093
448;0.69;2.2;21.0;21.0;28.336794102368035;27.477991192952956
449;3.88;1.42;22.5;21.0;28.551105057422905;27.106892112523706
450;-1.21;6.22;-21.0;23.5;27.591047461087808;27.35820900570796
451;9.77;2.37;25.0;23.5;26.387063118126655;28.852609933938382
452;-1.96;5.87;-21.5;23.0;27.406904239625458;27.29272980117599
453;1.85;3.17;22.0;21.5;28.223173102966292;28.481592300993285
454;0.24;3.41;21.0;23.0;27.379598243947992;27.66155997047166
455;2.57;1.78;22.0;21.5;28.14613827863425;28.31309944177783
456;3.45;1.03;23.0;1.5;27.96332419438004;28.246930806726596
457;4.43;2.53;24.0;22.0;27.758333883718596;28.824453160467762
458;7.4;0.31;26.0;12.5;27.2774632251608;27.40280825025056
459;7.21;0.16;25.0;-10.5;27.508287842030445;27.25975788593875
460;4.25;2.35;23.0;21.5;27.307645449580598;27.77098305786095
461;0.11;3.69;21.0;22.5;28.205281420329772;28.032372357686743
462;-2.6;4.9;-21.5;24.5;27.834870217049698;28.08326904048031
463;-0.96;1.8;-21.0;21.0;27.360891798331426;28.00928417507309
464;7.6;-1.76;24.0;-21.5;26.66945818722233;28.069599213383864
465;-1.66;6.44;-22.5;23.0;27.915307628611224;26.847092952496734
466;-0.12;0.57;-21.0;10.5;27.850773777401585;28.77542527922046
467;8.1;0.07;24.0;0.0;26.476215741680306;28.090658589645066
468;-0.12;-0.74;-11.0;-10.5;28.316878359028205;27.67114742832325
469;3.82;-1.25;22.0;-21.5;28.016202455008063;28.456765452173233
470;0.98;2.64;21.0;23.0;28.703651335675044;28.125973760920704
471;0.55;4.72;10.0;23.0;28.37371142448587;27.571753662036077
472;3.07;4.16;22.0;22.5;27.865841096223885;27.401722573590153
473;-0.04;2.54;-0.5;22.0;28.101217055494235;27.567524371985233
474;5.27;5.56;23.0;25.0;27.295734098939345;27.69668572230259
475;-3.94;5.61;-24.0;23.0;27.12999078510717;27.763607474533995
476;1.54;7.67;11.0;24.0;27.782159743259704;26.996686833757952
477;-0.75;6.67;-11.5;25.0;27.575124659736357;28.058173497218235
478;0.64;0.78;21.5;9.5;28.234914556272344;27.68522349557612
479;-0.23;1.65;0.0;21.0;28.639781772911608;27.71799956706833
480;3.83;-0.93;23.0;-21.0;27.16948840151393;27.1559404182584
481;-1.19;5.15;-21.0;24.0;27.45057194303973;27.822428003321345
482;0.92;7.23;10.5;24.0;26.920505195853956;27.14032240044322
483;-1.96;-0.91;-21.0;-21.5;27.866797447858982;28.034655339418748
484;2.22;5.66;21.0;24.0;27.403861041831316;27.108013575324915
485;5.83;-2.96;23.5;-23.0;28.053896342576014;27.953146513407034
486;1.21;3.11;21.5;23.0;28.130159971105748;27.509960014511105
487;3.15;0.76;21.5;11.0;27.41217795068462;27.63154718795167
488;6.25;1.64;24.5;22.0;27.589626673806226;28.36530274825213
489;-0.63;6.0;-22.0;23.0;28.46178314863635;27.999285705174696
490;2.55;5.3;21.5;22.5;28.316911907904082;27.16744375166718
491;2.01;4.26;21.0;22.5;28.03087404987579;28.09755149474772
492;-0.59;5.22;-11.0;24.0;27.734489358919156;27.608179947254765
493;2.71;1.11;23.0;21.0;27.9640107995974;28.372484910560797
494;5.08;4.21;23.0;21.5;27.47168724341481;27.60590335417409
495;1.5;1.25;21.5;14.0;28.195567027460186;27.547549800299844
496;0.29;1.73;11.0;22.5;27.38367944597658;29.117298981876733
497;0.31;4.08;12.0;23.5;28.45160628154411;27.678757197533272
498;2.91;-2.52;21.0;-22.0;27.15367194321976;28.53400778019099
499;0.55;0.6;10.5;21.0;27.937206374295908;28.4035209085071
500;3.93;7.28;23.5;24.0;28.057888373860212;27.754668075839064
501;1.5;5.93;21.0;25.0;27.42644709035423;28.246151950309976
502;7.66;1.58;24.0;21.0;26.72497708137464;27.327707551128395
503;4.82;0.25;25.0;-10.5;28.076103718286834;28.377235594750946
504;8.24;2.14;25.5;21.0;27.08767985634798;27.66189436752299
505;-1.34;-0.48;-21.5;-21.0;27.74679080542469;28.375862982471563
506;-0.04;1.41;0.0;21.0;27.8858100115453;28.217758592772743
507;5.56;2.86;24.0;22.0;27.625828494363752;27.861808986496193
508;-1.04;2.86;-21.0;22.0;28.163423087401853;28.066000783866592
509;1.37;2.5;21.0;23.5;27.504419644849808;28.06225222607765
510;2.34;4.84;22.0;23.0;27.88268997066101;27.264526403368905
511;0.74;1.43;-1.0;21.0;27.30480543787119;28.371201948454704
512;2.14;5.43;22.0;23.0;27.01925979741118;27.773820406994787
513;1.61;4.11;22.0;23.0;27.612640221463796;27.45319471391262
514;-0.4;1.13;-21.0;21.0;27.984638643370044;27.94840066980578
515;-0.99;4.49;-22.5;23.0;28.389609014567284;27.825705741274557
516;-2.67;1.28;-21.5;21.0;28.26837632408342;28.233341991340666
517;2.62;3.13;22.0;22.0;27.449510013841778;27.7516323844202
518;1.66;3.74;22.0;24.0;28.333450195837425;28.518281855679874
519;5.7;7.16;25.0;24.0;27.6653212524272;26.772269235161968
520;4.76;2.77;24.0;21.5;27.735219487143056;28.31354975978816
521;5.34;0.59;23.0;12.5;26.183666664544905;26.967422939539475
522;2.35;-2.59;21.5;-22.5;28.192685221525103;27.58916272741889
523;1.96;2.03;22.0;21.5;28.653418644203693;28.79251812537417
524;4.89;0.09;23.0;-9.0;27.116745748706645;28.400385560763077
525;1.54;1.99;21.5;22.0;27.364363687102244;27.5631982904742
526;2.37;0.92;21.0;11.0;28.28025989979583;27.566167669808582
527;1.24;2.94;21.0;22.0;28.087406430640762;28.409794085843
528;2.69;0.97;21.5;0.0;27.686709808137188;28.429370376425855
529;2.21;4.38;21.0;22.0;26.675192595368454;27.612236417936163
530;1.49;1.05;11.0;21.5;27.97051840778072;27.384804180420936
531;4.89;3.99;22.5;23.0;27.61952027099674;27.70866110081828
532;2.03;-3.81;10.5;-24.0;28.049048112190903;28.12070233831296
533;0.31;3.3;9.5;22.5;28.36465934926771;27.875616585108926
534;2.66;3.42;22.5;23.5;28.22488972520531;28.425404130812282
535;2.87;3.34;22.0;23.0;28.174334064889624;27.8873519718169
536;0.29;3.33;11.5;23.0;28.283314869371306;28.164536211342096
537;0.99;1.78;13.0;21.5;27.848696558366967;27.503665210295157
538;2.93;1.79;22.5;21.0;27.89561076585347;27.346405613901073
539;3.72;3.06;22.0;22.5;28.04106987973177;27.920537244114772
540;5.58;4.48;24.0;24.5;27.48024017362294;28.363878437195435
541;0.74;1.42;22.5;21.5;28.298982313857152;28.323552037129808
542;0.86;6.11;21.5;25.0;27.83272174976784;27.32613950048561
543;5.35;4.89;24.0;23.0;27.786822416390116;27.660403106245578
544;6.78;3.0;23.5;24.0;26.327012743568154;28.396126496407923
545;-0.64;5.47;-21.0;23.0;27.37134267806386;26.938617262212997
546;-1.86;0.99;-21.5;13.5;27.93672135380242;27.619013378468104
547;1.34;6.89;21.0;25.0;28.80111803385417;27.120433256126276
548;5.63;4.2;24.0;23.0;27.73793611644529;27.514359887157106
549;4.95;-1.12;23.0;-22.5;28.09105729587265;28.623165443395667
550;-0.56;1.93;-10.5;21.0;27.57329142485532;27.842146109809853
551;3.14;6.03;21.0;23.0;27.738428217907373;26.723194045622616
552;0.34;-0.94;0.5;-21.0;27.67353248141625;27.651336314905286
553;3.37;3.33;22.0;23.0;27.062023205961527;27.875815683132934
554;6.98;-0.47;24.0;-21.0;27.03922336162783;27.76524986381358
555;5.81;2.06;22.5;22.0;26.63820376827237;27.930563904081854
556;5.43;2.67;24.0;21.5;28.082825712524016;28.251745078844248
557;6.4;-0.29;26.0;0.5;27.843850308461292;27.68006322247115
558;5.12;-1.14;24.0;-21.0;28.104191858155254;27.86539789775125
559;3.91;4.01;22.5;23.0;27.677461950113848;27.7234539695183
560;1.89;2.53;21.0;22.5;28.078780244163028;28.284785662967295
561;-1.23;3.29;-22.0;22.5;28.26653675284611;28.13975657321861
562;4.8;6.15;24.0;25.0;27.99499955349169;27.70428667192137
563;1.08;3.73;21.0;21.5;28.86301439558938;27.328686393604798
564;-0.38;1.61;-2.5;21.0;27.66867542908406;27.529945513930826
565;5.07;1.86;23.5;21.5;27.74355961299847;28.462262735067288
566;1.15;2.59;21.0;22.5;27.92037786277256;28.183007291628766
567;3.75;0.31;23.0;0.0;27.610641064633032;27.80528546877374
568;7.81;2.83;26.5;22.0;27.675872163312217;27.7189664309476
569;0.77;1.81;22.0;23.0;28.093008026909473;27.688154506936716
570;4.0;0.54;23.0;11.0;27.677427626136065;27.66384644260447
571;-4.3;2.73;-23.5;21.5;27.747612509907945;28.105819682051614
572;2.39;6.77;22.0;25.0;28.126818163453894;27.699406130818037
573;3.04;-1.2;23.5;-22.5;28.27929277757844;27.550680572356107
574;3.07;2.33;22.0;22.0;28.152177535672084;28.43872535821534
575;0.83;6.87;0.0;24.0;28.189379205651193;27.192886937579832
576;2.35;3.22;22.0;21.0;27.721967823370694;27.372825941067905
577;1.96;2.87;23.0;21.0;28.573386218647588;27.730003606202434
578;0.83;1.57;21.0;21.0;27.59857061516049;28.227736359828786
579;-1.59;2.62;-22.0;22.0;27.362052189117687;27.940572649822336
580;3.94;-0.3;24.0;-1.0;27.830853382532126;28.309539028391118
581;-2.46;9.69;-21.0;26.0;27.206403657962586;26.607403105151015
582;3.06;1.36;22.0;21.5;28.35906204372775;28.381515111071852
583;1.43;4.74;21.0;22.5;27.960062589343394;27.65741130330169
584;-2.23;2.93;-22.5;23.0;27.446987084195595;27.893818311590113
585;5.35;4.64;23.0;25.0;27.283099164134565;27.755907479309695
586;3.53;0.78;24.0;9.5;27.959418806548893;28.082229256239614
587;5.94;3.71;23.0;23.0;27.195521690160678;27.407041066120218
588;4.47;5.06;22.5;23.0;26.932677178475963;27.397379436727157
589;3.82;2.28;23.5;23.0;28.036897117905184;27.984309889650667
590;1.56;-0.97;22.0;-11.0;27.51992732548544;27.636734611744565
591;-1.2;4.72;-21.5;22.0;28.35630441365729;27.37300860336693
592;3.91;3.69;22.0;23.0;27.807227477761963;28.00596186528861
593;-0.72;3.5;-10.5;21.0;27.624293656128117;27.484359188454803
594;1.45;6.83;21.0;24.0;27.674311192873436;26.76342840519503
595;0.4;-1.72;10.5;-23.0;28.102668912400475;28.153891382897676
596;0.17;4.15;-11.0;23.5;27.500565448732143;27.868396078712532
597;5.01;7.11;23.5;25.0;27.519627541084198;27.141074039175383
598;1.46;-1.8;21.0;-23.0;27.754069971807738;27.992856231545932
599;0.03;1.8;-11.0;22.0;27.982299762528456;28.319251402535336
600;4.59;3.65;23.0;22.5;27.405508570358624;27.18542808197068
601;2.51;0.87;21.5;21.0;27.83217382814357;28.387904114252606
602;7.03;7.06;24.0;24.5;26.878041223273694;27.339283092283164
603;1.65;4.17;22.0;22.5;27.846857991522132;27.05773641678106
604;1.24;5.64;21.0;25.0;28.01789428204768;27.251245843080273
605;4.52;3.02;23.5;23.5;27.802690517286276;28.223741778864117
606;8.36;2.96;24.5;21.5;27.060864731194386;27.87433227899818
607;-0.59;-0.03;-21.0;-21.0;28.219884833216454;28.08040419937006
608;2.14;3.31;22.5;23.0;28.95652603473006;28.034155953051272
609;4.62;6.87;23.0;24.0;27.820416963086657;26.72102355823968
610;1.24;8.58;21.0;25.0;28.2042975448778;26.487800965727597
611;0.92;2.98;21.0;22.0;28.210168379504577;27.85102511578344
612;2.2;5.73;22.0;24.5;27.888348821685373;27.991018202273388
613;3.55;2.38;22.5;21.0;27.890634628849874;27.69612969351494
614;7.47;3.74;24.0;23.0;27.724521636991323;27.77539198643288
615;0.61;4.24;-1.0;22.5;28.702924938061624;28.164204231612867
616;1.22;5.38;21.0;24.0;27.41371189751581;28.176862848798482
617;-0.51;4.41;-21.0;23.5;27.54287385150649;27.861118068017298
618;2.09;4.12;23.0;22.0;28.18761962280604;27.703169493760097
619;7.42;5.08;24.5;25.0;27.568888261952093;28.305010157214216
620;4.05;-1.26;23.5;-21.0;27.720524886805443;28.11854192521369
621;3.93;5.95;23.0;23.0;28.29531940091859;27.15451159568148
622;3.97;3.78;23.0;24.0;28.243744440141075;28.2823549231672
623;1.42;4.33;21.0;23.0;28.148243284439616;27.73555660158995
624;-0.91;4.82;-21.0;22.5;28.615064214500727;27.52757889826129
625;1.16;0.29;12.5;-1.0;27.86600796669663;28.13442553172181
626;-1.34;0.2;-22.0;-0.5;28.6168551731318;27.171676429694212
627;-4.76;5.24;-23.0;24.0;27.83239838749079;27.484948608283773
628;1.29;0.54;21.0;21.0;27.416890779225863;27.58783065048791
629;3.8;1.93;22.5;21.0;28.30159006133754;27.362841592203107
630;-2.72;0.66;-22.0;22.5;27.34961791323601;28.446869775073672
631;-5.3;6.55;-23.0;24.5;27.20386002022507;26.484099002986678
632;3.19;2.28;22.0;22.0;27.706567813426478;27.926360307064723
633;-1.45;3.46;-22.0;22.5;27.298488969171903;28.135891668827558
634;4.23;1.28;24.0;21.0;28.28775530154346;28.45068716217589
635;1.05;-5.44;10.5;-23.0;28.39344114403888;26.301072221489374
636;2.39;4.68;22.5;23.0;27.910533853726267;27.026979113471043
637;0.26;0.38;21.0;21.0;28.27671126563342;27.877510649267087
638;6.1;3.86;23.0;23.5;27.623359679807237;28.137526543745807
639;2.02;0.22;22.0;0.0;28.114046311408114;28.208005955756608
640;0.52;2.3;-2.0;22.5;28.271356529179847;27.69927796892908
641;0.04;4.98;-8.5;24.0;27.90480962128213;28.08165949512244
642;0.24;7.31;11.5;25.0;27.379233006057714;27.311790494216964
643;2.56;1.72;23.5;22.5;28.279080607403063;28.337282861982377
644;-4.64;1.05;-24.0;11.5;27.67400224036993;27.982271173012382
645;4.76;2.11;23.0;22.0;27.80939409624021;27.998176726351304
646;4.61;2.59;24.5;21.0;28.396089519509545;28.279708272894187
647;0.31;4.99;-21.0;22.5;27.85379507356224;27.116598237979627
648;-2.96;-3.84;-23.0;-23.0;28.32487246220184;26.694089233386478
649;1.61;3.45;21.0;22.0;27.8947647417934;26.925963306815973
650;3.41;2.74;22.0;22.0;28.409538891013348;27.843354682940053
651;3.98;-2.64;23.0;-22.5;27.301640976322282;28.726475593083116
652;4.83;3.5;23.0;24.0;27.348511842511652;28.459269140299437
653;2.44;3.51;22.0;22.0;28.453583254135147;27.619737507804086
654;-2.18;-0.5;-23.0;-22.0;28.517847043562035;28.01303268123607
655;2.08;2.62;21.5;22.0;27.25754207554305;27.863517365903395
656;-0.71;0.84;-11.5;10.5;28.265631073797028;28.457940895293177
657;4.14;1.82;22.5;21.5;28.13255054203227;28.426881643965103
658;-2.43;7.25;-21.5;25.0;28.27304546737051;27.052310437373
659;-2.41;2.15;-22.0;22.0;27.119032062372725;27.949731662397046
660;2.33;0.13;21.5;0.0;27.60654089160756;27.963781933064777
661;2.24;4.01;22.0;23.0;27.69661351140244;27.690971452803893
662;1.98;0.56;22.0;2.5;27.834144499157862;28.262809485258185
663;-1.3;6.53;-21.0;24.0;27.57009249168381;27.01238789888817
664;5.09;1.77;24.0;21.0;28.205352328946365;27.212811321140634
665;2.33;3.06;23.0;21.5;28.42711909427334;27.494661299968765
666;1.59;4.43;21.5;25.0;27.43905792843479;27.879115839638818
667;2.8;3.23;22.0;22.5;27.849596047339716;27.434961272070346
668;6.43;0.04;22.5;12.0;27.476992193469794;28.229743179844906
669;5.61;-2.4;24.5;-22.5;27.74919638476041;27.61448895054913
670;2.02;3.36;21.0;23.0;27.688257438849416;27.714804707953473
671;0.74;6.03;21.0;24.0;28.070846086286746;27.58711837071788
672;3.33;0.54;23.0;21.0;27.895897547847426;28.32434288734692
673;8.32;2.55;25.0;21.5;26.49259519186446;28.113831115662627
674;4.85;5.68;23.0;24.0;27.068200900687874;27.024388984767075
675;3.8;6.82;22.5;24.5;27.86395521098898;27.337293209094423
676;-2.78;0.53;-22.5;14.0;27.82322051812119;28.11919451193437
677;6.62;1.95;25.0;22.5;27.7768896746918;27.784663035566947
678;1.82;5.06;21.0;23.0;27.33948792497767;27.945239308333004
679;2.35;3.73;22.0;23.0;27.693816999467586;27.85241641222535
680;-0.24;6.83;10.5;25.0;27.340855875411073;28.09984163656443
681;4.47;-1.05;24.5;-21.0;28.06401788767959;27.899238340857977
682;3.79;2.03;21.0;21.5;26.68756077276453;27.884567416404366
683;-0.23;3.5;7.5;23.0;28.164465199964297;28.56378826416412
684;1.02;4.06;11.0;23.5;28.047096106370798;27.6118887438002
685;1.58;2.36;21.0;21.5;28.16742089719966;27.519273246217818
686;1.94;3.16;21.5;23.5;27.632162419904816;27.46733332524292
687;-1.46;2.63;-22.0;22.5;28.32857920898964;28.269296064812085
688;2.53;2.1;21.5;21.0;27.71225541164053;27.881355777651848
689;-0.3;1.01;-10.0;21.5;28.55748588373984;28.718459220508333
690;2.89;-1.3;22.5;-21.0;27.440078352657814;27.153084539329964
691;0.51;-0.56;10.5;-21.0;28.02445182336311;27.78860197994854
692;1.65;8.62;21.0;25.0;27.33692557695543;26.95209824855943
693;-0.62;1.2;-1.0;22.0;27.87786935904536;28.010712236571205
694;4.01;4.35;22.0;23.5;27.55448965232345;28.658811908381686
695;0.4;4.19;22.0;22.5;28.302296726590935;27.479699780019427
696;4.6;-2.03;23.0;-22.0;27.551406497672673;27.879904949622766
697;-0.78;4.72;-21.0;23.0;26.985396050456625;27.594956060845615
698;8.91;7.96;24.0;24.0;25.990804143004116;27.065816078588874
699;-0.67;5.55;0.5;23.5;28.17660554431637;26.984949508939238
700;2.87;2.69;23.0;23.0;27.923701402213855;27.976309620820256
701;-2.22;8.19;-21.5;24.0;27.856266799411582;26.889289689391205
702;-0.77;3.76;-21.0;22.0;28.319553315686317;28.092746394754645
703;5.85;10.04;23.0;25.0;27.719081875127106;25.815080863712208
704;4.37;6.62;24.0;23.0;27.903639547557233;26.747627932211106
705;1.01;3.65;10.5;22.0;27.55194911435487;27.467935852553612
706;0.86;4.79;10.0;22.0;27.785974879424334;27.09586499818745
707;8.94;3.28;25.0;23.0;26.105486013480004;28.42712788869111
708;0.5;2.72;10.5;22.5;28.13165476824995;28.528610200989462
709;3.24;-1.4;22.0;-21.0;28.05463241605564;27.36311385789271
710;5.37;3.7;24.0;23.5;27.23808179736598;26.842689880114474
711;-3.53;5.45;-23.0;23.0;27.38008582893779;26.837427223934856
712;2.14;3.63;22.0;23.0;27.765453354843675;28.53196628345127
713;1.89;3.53;22.0;24.0;27.871811925312638;29.058029871276545
714;5.54;-2.69;23.0;-22.5;27.57804198996006;28.477603480630176
715;9.78;4.06;25.0;23.0;26.308774201775346;27.545896246083554
716;3.75;2.6;22.5;21.0;28.34232700397058;28.385559709119708
717;-0.6;5.32;-21.0;22.0;28.41232127088528;27.008102487957196
718;-2.3;6.46;-22.0;23.5;27.856597064250327;27.745060821703024
719;1.32;-0.16;21.0;0.0;27.914827601115505;28.22400396825369
720;-1.07;1.98;-21.0;22.0;27.568552736768755;27.98177263863031
721;-0.4;2.04;0.0;22.0;27.634760719065405;27.849567321594066
722;0.56;4.87;21.0;23.0;28.027600682184694;27.668268829111803
723;-6.48;2.47;-24.0;22.5;26.387299975556424;28.423741836711084
724;-4.8;5.11;-23.0;24.0;27.447039913258408;27.712775032464723
725;4.24;1.81;22.0;21.0;28.061404098868607;27.446564448032472
726;1.83;7.24;22.5;25.5;27.368249852703407;27.86399827734706
727;-4.74;4.16;-23.0;23.5;27.710149765022926;27.636830498448983
728;-5.03;9.17;-24.0;25.0;27.60161408323796;26.325673780551185
729;-3.85;2.72;-22.5;22.5;28.38639638982025;27.82447843176939
730;1.04;1.71;21.0;23.0;28.245679315605067;28.225270592148448
731;-1.29;1.6;-21.0;21.0;27.546431710840523;27.539426283058262
732;-0.55;-0.02;-21.0;0.0;27.61462474849151;27.611584525340085
733;0.54;3.46;21.5;23.0;27.938296297376475;26.899970260206608
734;1.29;6.93;21.0;23.0;27.54243816367752;26.42205707358911
735;1.72;4.07;22.5;23.0;27.729796248800675;27.31016477431068
736;2.54;2.04;22.0;21.5;27.823522422583377;27.967810068004965
737;4.01;6.01;22.0;24.0;27.590032620495396;27.091140618290694
738;3.85;0.69;23.0;21.0;27.721967823370694;28.308194926557928
739;7.94;2.17;25.0;22.0;27.248787128971447;27.139659172509887
740;0.87;2.91;0.5;21.5;27.165292194268776;27.346332478049046
741;-0.98;3.22;-21.0;23.0;28.734641114863436;27.541815481191506
742;0.95;-0.15;22.0;0.0;27.958317188271543;28.538526591259053
743;-3.8;3.0;-21.5;24.0;27.68356913405495;27.827684057427415
744;-1.81;2.75;-22.0;22.0;29.04813074881067;27.812362359209978
745;5.13;4.57;24.0;24.0;28.5970820189753;28.226319278290607
746;-1.02;3.29;-13.0;21.5;27.876147510012935;28.312292383344733
747;-0.78;2.62;-2.5;23.0;27.473106850154384;27.313286144292483
748;4.27;4.91;22.5;23.0;28.148483085239246;27.31779456691188
749;3.71;4.35;23.0;24.0;27.777795088883497;28.289706608588222
750;-1.97;4.06;-22.0;23.5;28.041560227633553;28.135322994413983
751;4.39;8.03;23.0;25.0;27.772970672940264;27.61972302540342
752;-2.15;2.19;-22.5;22.0;27.673949844574054;27.252777840066138
753;0.03;4.25;0.0;23.0;27.876676631191174;27.73206627714567
754;0.36;-0.32;21.0;-21.0;27.93761621899764;28.11294363811801
755;3.65;6.09;24.5;23.5;28.19374930724894;27.487486243743717
756;5.62;-1.13;23.5;-21.0;27.27994868030363;27.550192376823794
757;-1.82;8.07;-21.0;24.0;28.081089722444883;27.188694341582497
758;1.04;3.34;11.5;22.0;28.801708282669626;27.745349159814158
759;3.83;1.06;23.0;21.5;28.006447471966165;27.84989048452435
760;4.64;2.78;23.0;22.0;27.569374312813125;27.695335347310746
761;1.79;2.57;21.0;22.5;28.1333592021998;27.384760360463268
762;3.08;1.55;22.0;21.0;28.332906663454068;27.775303778716804
763;-0.08;2.41;14.0;22.0;28.29158178681426;28.16703569777977
764;3.17;1.87;23.0;22.5;27.317413860027084;28.438233067474496
765;0.25;-1.28;21.0;-22.0;27.765221050803827;28.48967532282529
766;3.77;0.87;23.0;21.5;28.145285573253652;27.689223535520092
767;-0.32;4.99;-22.0;23.0;28.310026492393114;27.72056817599524
768;2.07;9.34;22.0;27.0;27.88377843836807;27.253704335374305
769;-1.01;3.95;-21.0;21.0;28.019812633206527;27.32302142882445
770;0.86;6.17;21.0;24.0;27.68718837296413;27.163598804282177
771;0.88;1.71;21.0;21.5;28.1646160989281;28.329947052544945
772;3.19;6.79;21.5;23.0;28.220451803612214;27.067801905585167
773;7.6;-1.92;24.0;-22.5;27.00444407870675;28.514445461905797
774;3.86;2.72;23.0;23.0;27.83344031915566;28.04962744850633
775;1.85;5.45;21.5;24.0;27.75333313315718;28.096040646325953
776;-0.03;6.07;-0.5;25.0;27.4646882378082;27.18244102357255
777;1.83;4.65;21.5;22.5;28.106602427187816;28.19942375297765
778;-2.01;6.55;-21.5;23.5;27.218558007359615;27.009396513065596
779;3.3;0.71;24.5;11.0;28.735866091002023;27.820242630142534
780;-1.16;4.12;-11.0;23.5;27.568358674393362;27.663072858957662
781;3.62;3.06;23.5;24.5;27.63395737132125;27.856352955833973
782;4.33;6.07;22.0;24.5;27.33717432362021;27.72300669119423
783;3.9;5.49;22.0;24.5;27.23802489168405;27.96908829404348
784;3.28;-0.92;22.0;-21.0;27.321815459445588;28.191019846752617
785;5.03;5.14;24.5;23.0;27.35999086257157;27.08948873640845
786;-3.7;1.96;-23.5;22.0;28.554334171890616;27.022923602008717
787;0.95;-0.48;10.5;11.5;27.75981808297742;27.617197540662957
788;-2.06;-0.01;-21.5;-21.5;27.70661292904638;27.727782096662544
789;0.64;-3.6;21.0;-23.0;27.931888586345178;27.337154204488808
790;0.61;4.31;11.0;23.0;28.46221881723208;27.858461910162955
791;1.86;6.51;22.5;25.0;28.17552838901162;27.05124581234661
792;-1.23;-3.77;-22.0;-21.0;28.55270740227623;26.94173528190046
793;3.63;6.44;23.5;23.0;27.819653125084074;27.052659758330602
794;3.62;7.09;22.5;23.0;27.7188672207217;26.763816992349952
795;-3.0;6.59;-21.5;24.5;27.998214228768234;27.392004307826763
796;1.82;3.29;21.0;22.0;28.335271306271274;27.980098284316302
797;1.21;4.62;21.0;23.0;28.050773607870426;27.628890676246847
798;6.22;-1.01;23.5;-22.0;27.351263224940823;27.81959561172664
799;-1.41;3.98;-21.0;24.5;27.795357526033012;27.97355179450761
800;1.97;3.66;21.0;22.0;27.638543738771762;26.841467918129958
801;5.84;1.44;23.0;22.0;27.44730223537461;29.003903185605893
802;1.02;0.63;21.5;21.0;28.062779619987758;27.940885812729704
803;-0.46;4.64;10.5;23.0;27.82747563110962;27.346122211384927
804;0.45;3.46;21.0;22.0;28.280868091344015;27.679747108671346
805;5.92;5.16;24.0;23.5;26.995807081841434;27.595912740838994
806;3.39;1.52;21.0;21.5;27.622778643720835;27.926861621027168
807;1.0;3.15;0.0;22.5;28.252787473097236;28.115965215514123
808;-1.07;0.81;-21.0;21.0;28.234820700688005;27.52478701098339
809;-2.3;7.91;-22.0;25.0;28.515434417171345;27.541276295771045
810;2.14;3.64;22.0;23.0;28.34184891639923;28.26429549803073
811;-0.47;3.79;-1.0;23.5;27.102566299153292;28.06752393781824
812;2.13;1.41;21.5;21.0;28.40128694267216;28.030731349716866
813;1.88;1.66;21.0;21.5;28.04007132658546;27.898107462693595
814;1.21;2.91;21.0;21.0;27.460260377498244;27.50821513657329
815;2.89;7.59;22.5;25.0;27.992461485192756;27.37484063880555
816;3.37;1.71;21.0;21.0;27.72531514699157;27.746817835564496
817;3.98;1.98;23.5;21.0;27.22314456487347;27.867895507196092
818;0.64;4.16;21.5;23.0;28.227475976431194;28.056272026055066
819;3.21;5.77;22.0;24.0;27.74213221798209;27.273743784086555
820;2.15;1.28;22.0;21.0;27.325217290993315;28.33657706922274
821;-2.08;5.4;-21.5;22.0;27.132887793229827;27.14627046207269
822;2.39;8.66;21.5;26.0;27.707722750164802;26.915133289656954
823;4.61;5.82;23.0;25.0;27.868582669378792;27.150462242842202
824;2.54;8.67;22.5;25.0;28.22814907144994;27.30020329594635
825;5.14;-4.16;22.5;-22.5;26.816047434325593;27.48371153974659
826;-1.98;0.85;-21.5;21.0;28.346421290879025;28.505920437691536
827;1.6;4.18;21.5;23.5;27.724357521861535;27.45446411788072
828;-0.89;2.1;-21.0;21.5;27.287321231663615;27.431551177430705
829;1.78;2.33;22.0;23.0;27.910779279697657;28.043200601928447
830;3.71;6.77;23.0;24.0;27.424549221454857;27.6589424960536
831;4.89;-3.36;23.5;-24.0;28.075218610012634;28.22393310649669
832;0.37;-2.11;0.0;-22.0;28.185689631442408;27.453558967827828
833;0.79;0.67;10.5;21.5;27.759068788415796;28.1943451777125
834;-2.41;6.9;-22.0;23.5;27.948200299840416;26.38768652231567
835;2.02;6.74;21.0;24.0;28.24038951572729;26.87661437011738
836;7.51;6.64;24.0;25.5;27.026466657704255;27.533804677160038
837;2.09;7.2;22.0;24.0;28.277940165436377;27.44886154287642
838;0.18;4.71;-11.5;24.5;27.448635667369693;27.53045404638289
839;6.1;-0.68;25.0;-0.5;27.789746310464945;28.26371525472191
840;4.23;2.99;23.0;22.5;28.02422345043659;27.78794522810206
841;-2.38;2.99;-21.0;22.0;27.14434747788202;27.85480030443586
842;2.88;1.76;22.5;21.5;27.93788825233575;28.37996476389638
843;1.18;9.88;21.5;25.0;28.147603805652796;26.116768559682114
844;-2.04;3.31;-21.0;22.5;27.51251351658005;28.077284412848762
845;-3.14;1.55;-22.5;21.0;27.71318097945452;28.4085814499774
846;-0.87;1.81;-11.0;22.0;27.490236448601163;28.176122870260198
847;0.17;3.03;-12.5;22.5;27.93601796963912;28.401216523240695
848;4.31;3.15;23.0;22.0;27.96021995621637;28.485215463464552
849;2.86;7.26;23.0;24.5;27.6958552855838;27.613264928291258
850;1.05;3.12;21.0;22.0;27.996562288966835;28.32676472878609
851;0.39;-3.62;13.5;-22.0;28.074862421746612;27.56330168902122
852;4.93;1.68;23.0;21.5;27.613857028673124;28.112587927830482
853;1.03;-1.25;21.0;-21.5;27.740027036756832;27.72016414092817
854;0.41;0.79;0.0;21.0;28.124755998941577;28.019384361545132
855;3.97;0.85;22.0;21.0;27.017570209032492;27.24752282318523
856;0.34;2.22;21.0;21.5;27.905992188058825;28.16791792092557
857;0.56;2.04;21.0;22.0;28.232010201188295;27.976032599351896
858;6.02;-1.89;23.0;-22.0;27.57534405950359;27.998533890187893
859;-0.98;5.06;-21.0;25.0;28.286738942479744;28.263340213074606
860;3.27;-0.53;22.5;-14.0;26.6630287101822;27.43846023376676
861;5.4;1.89;23.5;21.0;27.082835892867646;28.170514727281788
862;6.5;5.34;23.0;24.0;27.186945396642116;27.71361398302286
863;-1.41;0.38;-22.0;-10.5;27.582275105581843;26.87704596863279
864;2.35;0.03;23.0;-10.5;28.54868648467036;28.662328935381364
865;5.4;0.82;23.0;0.0;26.906504789734395;27.41801597490234
866;5.14;6.73;24.0;23.0;28.02392549233601;26.753637135911077
867;1.13;-0.12;21.5;-11.0;27.69752877063223;28.53043287438871
868;3.13;3.94;23.0;21.5;27.99309021883793;27.93485994237308
869;4.36;1.63;23.0;21.0;27.639652675097057;27.67549638217895
870;1.63;0.67;21.0;21.0;28.789114262165135;28.019655601024077
871;7.88;1.42;25.0;12.0;26.83813704413926;28.246833450848968
872;-0.83;0.62;-12.0;4.0;27.677808800553557;27.42764299023888
873;4.89;3.74;24.5;23.5;28.65515485911741;27.81676472920602
874;1.31;8.77;10.0;25.5;28.16156778306208;26.796587469302878
875;1.97;1.09;21.5;0.5;28.245160647445434;27.701297803532604
876;3.92;2.07;22.0;22.0;27.497883554921096;29.067251332040325
877;4.03;4.17;23.0;23.0;27.76993158075835;27.15586676944781
878;5.94;0.07;23.0;1.0;27.652059597794878;28.621060427594223
879;0.23;3.2;10.0;23.5;28.097991031388705;28.392252464360766
880;1.0;6.38;11.5;24.0;27.2363727394086;27.262347661197488
881;5.25;-1.08;24.0;-23.0;28.407525411411672;28.20449609548095
882;6.09;-4.91;24.5;-23.5;28.152831118734753;27.643116683905237
883;5.38;2.9;24.0;22.0;26.76183102853764;28.285508657261232
884;6.03;4.98;25.0;22.0;27.74255035140064;27.32653655332121
885;2.13;-0.13;23.0;-21.0;27.951978463071267;27.932652935229765
886;0.85;6.59;10.5;24.0;27.517403583913943;26.603043059018646
887;2.51;5.47;22.0;23.0;28.55083011052393;27.397246211982694
888;3.45;2.82;23.0;22.0;27.49995454541698;27.242386092264386
889;4.74;8.02;23.0;25.0;28.001292827296385;26.876376243831675
890;0.83;1.25;11.5;10.5;27.16102170390503;27.65913049971022
891;1.49;0.46;11.5;10.5;27.647240368615456;27.311689804916867
892;5.67;0.64;24.0;8.0;27.881196172330913;28.472625449719246
893;0.19;0.18;21.0;10.5;27.056124999711248;27.68695721815599
894;2.68;10.97;23.0;25.0;27.61046178534506;25.420643186198102
895;7.14;6.88;24.0;24.0;27.260601607448066;26.967120721352515
896;5.33;3.38;24.5;22.5;27.709945867864846;28.351289212309204
897;1.24;2.83;21.5;22.5;26.999674072106867;28.046409752408596
898;-1.04;2.06;-21.0;23.0;27.91555838596104;28.27112307638308
899;-0.31;0.34;-21.5;0.0;28.402709377804083;28.485512107034342
900;2.81;1.72;22.0;21.0;27.85523110656237;27.928150672753105
901;0.1;4.96;1.0;22.0;27.73607758858487;27.101261963237064
902;3.18;3.25;23.0;22.0;28.46309189107887;27.8985214661996
903;3.11;-0.38;22.5;0.0;28.297312593248144;27.617306168415485
904;0.01;3.12;0.0;21.0;27.15566055171555;27.635947604524077
905;2.43;1.6;21.0;21.0;27.264355851550942;28.036048223670896
906;3.64;3.45;23.5;22.0;27.989826723293593;28.372301633811805
907;-1.1;3.92;-21.0;22.0;28.63826112039626;27.38053323074626
908;6.0;2.47;23.0;22.0;27.255825065479122;28.09144175723275
909;1.11;6.71;21.0;25.5;28.375656820591832;27.469362934003403
910;0.81;0.16;21.0;0.0;27.47096467181304;27.983823898816976
911;2.7;5.22;22.0;23.0;28.161853632174143;27.563229128677943
912;3.53;3.85;23.0;24.0;27.95870347494676;28.226716068292465
913;4.13;1.19;22.0;12.0;27.051304959280618;28.1082532363717
914;7.75;4.23;24.0;23.0;26.92410629900276;27.52593504315521
915;4.36;3.43;22.5;23.0;27.576265156833696;28.086030335382038
916;2.02;5.36;23.5;23.0;28.170189917712662;27.4763607488328
917;-2.14;1.04;-21.5;21.0;27.27270430302063;27.966022241284154
918;1.52;6.5;22.0;24.0;28.67594113538386;27.054944095303544
919;-1.47;4.96;-21.0;24.5;27.49707438983282;28.502603389865985
920;8.11;2.29;24.0;22.0;26.168643449747258;27.78283462859756
921;2.91;-3.2;22.0;-22.0;26.843656606356745;27.360921037128847
922;-1.7;1.04;-21.0;-1.0;27.904300743792167;28.57128628535999
923;2.04;4.68;22.5;23.0;28.29555442114538;27.539382709131303
924;3.02;4.07;23.5;23.0;28.17728872691622;27.503183452102412
925;6.07;5.8;23.0;23.0;26.70178083948709;27.856776554368242
926;-2.01;1.94;-23.0;22.0;28.210102800238076;27.92948979125827
927;-3.88;-0.24;-22.0;-21.0;27.317496224947117;28.175563880781514
928;3.62;4.54;22.0;24.0;27.75564086811904;27.787918237968096
929;1.31;-0.89;21.0;-22.0;27.919417973876172;28.200671977809325
930;5.34;4.11;22.0;23.0;27.174701470301382;27.731171991100563
931;-0.51;5.23;-11.0;22.5;28.2285298944171;27.314045837261094
932;3.63;3.48;22.5;21.5;27.775044554419708;27.289734333628093
933;1.49;4.65;21.0;23.0;28.162562028338264;28.00263380469773
934;1.42;8.52;21.5;25.5;28.032545371407142;26.59980451055985
935;2.25;4.7;23.0;23.0;28.013345034108298;27.999821428002004
936;4.51;3.58;23.0;23.0;28.13485205221453;27.836371890029064
937;3.14;3.01;23.0;22.0;27.84349834341942;27.634216109743367
938;5.6;1.67;24.0;21.0;26.949211491247755;28.21207365650388
939;0.42;1.06;3.0;21.5;27.21844227725018;27.49720713090695
940;6.78;1.61;25.0;22.0;27.570846922066067;28.6593422813574
941;5.37;1.37;23.5;21.0;27.861319064251063;27.599150349240826
942;5.1;2.47;23.0;22.0;27.423165389867012;27.556652554328874
943;1.99;2.69;21.5;22.5;27.647240368615456;27.569075066095348
944;0.08;7.42;21.5;26.0;28.069798716770308;27.91565152383157
945;3.51;2.7;24.0;22.0;28.286567483524756;27.908959135016122
946;1.4;3.14;21.5;22.0;28.159190329269055;27.814032429692748
947;3.84;3.77;24.0;23.5;27.591563928128465;27.824756962101215
948;-1.94;3.28;-21.0;22.0;27.465185235129947;27.785996473043756
949;-2.42;0.27;-23.0;1.0;28.18587589556159;27.802825395991686
950;6.18;4.08;24.5;24.0;27.535932887774113;27.480058224101345
951;1.65;5.06;22.0;22.5;28.46027933805289;27.72717800281882
952;1.1;-1.1;21.5;-21.0;27.8799210902757;27.757341371248078
953;3.72;3.3;22.0;22.5;27.528922972030706;28.048707635112173
954;4.86;3.55;23.5;22.0;27.582973008724057;27.371655046781516
955;1.87;5.04;22.0;23.0;28.166169423618822;27.145504231824468
956;0.99;-1.5;10.5;-22.0;27.486904154524204;28.410385425051874
957;0.53;4.25;2.5;23.0;28.408609610468442;27.768102203787713
958;2.57;3.8;24.0;23.5;28.639921438439732;27.721471822397884
959;4.02;8.96;22.0;27.0;27.520167150655173;27.136661548539827
960;-0.3;-3.27;-20.5;-22.0;27.860186646898118;27.813973107055382
961;-0.96;2.56;-21.0;23.0;27.628217459691463;28.638896626790636
962;2.04;5.45;21.5;24.5;28.024960303272515;27.686594228976595
963;-1.23;2.84;-21.0;22.5;28.317434558942658;28.323036560369015
964;0.37;4.21;-0.5;23.0;27.881052706094152;28.250060176927057
965;0.11;2.54;-21.0;22.0;28.29519217110921;27.681192170858534
966;0.9;5.58;22.0;25.0;27.80341705618214;27.402620312663533
967;1.17;2.12;22.0;21.5;27.761143708428154;27.52100288870302
968;4.71;2.58;24.0;22.0;28.194075618824606;27.297318549630475
969;3.99;-1.41;22.0;-22.0;27.0649200996419;27.947842492757825
970;3.25;1.47;23.0;21.0;28.288292631404957;27.8163459138687
971;9.43;0.56;25.0;10.5;26.361432055182433;27.31531438588983
972;1.59;5.72;21.5;24.0;28.23263891314448;27.568851989156165
973;-2.25;7.25;-22.5;24.0;28.143338465789732;27.057115515146844
974;6.25;3.66;23.0;21.5;27.6023096859665;27.620724103469843
975;4.11;4.38;22.5;24.0;27.413097234716112;27.850235187516816
976;6.33;5.92;25.0;25.0;28.13185205421072;27.5414887034089
977;0.94;3.6;22.5;22.5;28.631039100947767;27.785607785326565
978;-0.32;5.69;-10.5;24.5;27.719264059494797;27.309959721683956
979;3.69;0.54;22.0;12.5;27.446200101289065;27.95547173631667
980;6.81;1.08;23.0;-10.5;27.704402177271394;28.364301507352515
981;-0.56;2.19;0.0;21.0;28.276605171059696;28.09188316934271
982;-1.75;-0.9;-21.5;-21.5;28.125211110318798;27.9472717809807
983;4.19;1.99;22.5;22.0;27.728575513358056;27.836125808021492
984;-1.78;1.53;-22.5;21.0;27.707248149175694;28.001591026225636
985;1.07;6.74;13.0;24.0;27.80656577141449;27.34615877961656
986;5.49;4.3;23.5;24.0;26.57348114192041;27.91075061692179
987;1.95;5.57;21.0;23.0;28.248672535182955;27.474080512366562
988;2.59;-1.5;23.5;-21.0;27.666620682692713;27.633494169214288
989;0.68;-0.58;21.0;0.5;28.563571205295744;28.85937629263668
990;-1.02;2.31;-21.0;21.0;27.793877023546035;27.610032596865945
991;3.26;6.49;23.0;23.5;28.04126245374841;27.531616371001544
992;1.93;3.91;21.0;22.5;27.785339659611864;27.807227477761963
993;0.63;3.08;21.0;22.0;27.95770197995536;27.771813048484972
994;4.64;1.48;24.0;21.0;27.35745602207924;27.96872539105063
995;3.74;2.46;22.5;23.0;27.11885690806307;28.000507138264478
996;2.55;1.78;22.0;22.0;27.761619189089096;27.886405290033352
997;1.59;3.62;21.0;22.0;28.158158675595246;27.329756676560436
998;5.34;5.39;23.0;23.0;27.54713052207072;28.161993892478566
999;1.76;2.52;21.0;23.0;27.581921615434993;28.501747314857734
1000;-1.09;6.4;-21.0;25.0;27.14409512214397;27.356534868290613
1001;3.87;3.78;23.0;23.0;27.236246070264528;27.667880294666595
1002;-0.59;1.38;-10.5;21.0;27.747106155417363;27.952380936156402
1003;0.6;9.43;21.0;25.5;28.548204847240395;26.498398064788745
1004;2.95;4.06;22.0;23.5;27.135355166277076;27.706612929046376
1005;3.2;-0.5;21.5;-10.0;27.116784470139525;28.331784271379732
1006;-2.12;3.85;-24.0;22.0;27.891676177669925;27.04343728152914
1007;4.25;4.49;22.0;24.0;27.1239285502672;27.528347207923687
1008;5.09;5.72;23.0;23.0;27.915262850276015;27.096892810800284
1009;7.28;5.98;23.0;25.5;26.25607739172019;28.734293100753327
1010;-3.62;4.24;-23.5;22.5;27.94271998213488;27.205190681191702
1011;3.97;3.63;24.5;21.5;28.372329830311784;28.054466667537987
1012;3.92;0.63;23.0;9.5;27.85989231852844;27.88607358521454
1013;1.71;1.88;21.0;22.0;27.898492790830115;27.271699617002234
1014;-3.01;2.24;-22.0;22.0;28.275606094299732;27.470391333215474
1015;4.64;9.56;23.5;25.0;27.653035999687265;26.465192234329233
1016;0.13;3.11;-10.5;23.0;28.319835804608758;28.129662280233653
1017;0.37;7.24;-12.0;25.0;27.552733076774796;26.86675268803433
1018;2.59;3.07;22.5;23.0;27.84280697056243;28.30980572169297
1019;1.73;10.51;22.0;26.0;28.569513471531153;26.099231789460777
1020;0.6;4.27;12.0;23.0;27.514359887157106;27.57965010655501
1021;-0.89;3.07;-21.0;21.5;28.109747419711905;27.6533017920103
1022;4.56;3.51;24.0;23.0;28.295342372906536;28.78419531618002
1023;-1.77;4.84;-21.0;21.0;27.34734173553254;26.429422997863576
1024;0.79;2.95;15.0;22.5;27.77455490192417;28.21112369261458
1025;0.88;1.69;21.5;21.0;28.195843665334788;27.193637123415467
1026;0.34;0.41;1.5;13.5;27.546767505462416;28.83334701348423
1027;4.0;4.87;24.0;24.5;28.09377155171587;27.481140806014583
1028;4.81;4.73;23.0;23.5;27.794853840234534;27.800307552255607
1029;-1.11;-0.6;-21.0;-21.0;27.996390838820634;27.853545555278956
1030;-1.03;1.59;-21.5;21.0;28.357170169112432;27.715733798692757
1031;0.39;5.73;0.5;24.0;27.810751518073005;27.193695960644998
1032;4.58;0.99;23.5;21.5;27.3119680726234;28.19024476658548
1033;-1.94;4.12;-22.0;25.0;27.808567025289165;27.654757276099897
1034;-1.58;3.26;-21.0;23.0;27.82523315266199;28.102533693601362
1035;3.98;5.45;23.0;22.0;28.17586910815707;26.843388385224394
1036;4.36;2.73;24.0;21.5;28.58339378030537;27.711678043741774
1037;4.99;6.58;25.0;24.5;27.894979835088602;27.01006479074051
1038;4.51;4.29;24.0;23.0;28.311656609954845;28.21038638515963
1039;4.65;1.22;23.0;21.0;27.879876255105582;27.951236108623174
1040;3.52;3.25;22.0;22.0;27.149762429899823;26.81133155962232
1041;4.47;3.97;24.0;22.5;28.33635650538015;27.625877361633243
1042;3.85;3.71;23.0;22.0;27.669251887248418;28.18804533840543
1043;-2.91;4.22;-24.0;23.5;28.02252486839828;28.1377255655108
1044;3.3;-0.23;22.5;-2.0;27.858391913389404;27.574573432784053
1045;-3.9;6.43;-23.0;23.0;27.41441226800239;26.56925102444553
1046;4.83;3.69;24.0;23.0;28.011802869504844;27.87102258619156
1047;0.37;8.77;10.5;23.0;28.454052435461627;26.444226212918387
1048;-1.1;4.48;-21.0;23.0;28.300353354684464;27.86376858933479
1049;0.62;7.64;9.5;24.5;27.608252389457757;27.146093641627335
1050;2.29;2.09;21.0;22.0;27.180248343236308;27.47802576605532
1051;1.8;4.9;22.0;23.0;28.491753192810023;27.12286857985342
1052;-1.34;4.48;-22.0;23.0;28.120177808826174;27.8055677877651
1053;2.9;0.13;21.0;11.0;27.553765622869047;28.80474092922899
1054;4.8;3.33;24.0;22.0;26.808580715882737;28.29206779293447
1055;1.23;-0.33;21.5;-10.0;28.12004800849387;27.36898061674932
1056;1.16;4.65;21.0;23.5;27.548401042528766;28.136231090890618
1057;-0.9;-6.61;-21.0;-24.0;27.4934537663059;27.11416419512134
1058;4.06;3.64;22.0;22.0;27.347328937210676;28.320494345967905
1059;3.79;1.62;23.0;21.0;28.145086604947583;27.17969094747032
1060;3.61;2.93;21.0;21.5;27.522679738717304;28.11307702831549
1061;-2.01;1.39;-21.0;21.0;28.132363924846413;27.780530952449414
1062;0.84;1.26;21.0;21.0;28.205573917224232;27.60457208507315
1063;7.4;2.52;24.0;22.0;27.219110933313015;27.659891539917506
1064;0.36;5.0;0.0;24.5;28.141257967617584;27.965693268717658
1065;0.8;6.98;21.5;24.0;28.449604566671923;26.844358811489617
1066;0.61;4.58;21.5;23.0;28.71964310363205;27.60622393591706
1067;-4.58;3.05;-23.0;23.5;27.825592536368386;28.50206132896356
1068;2.27;4.71;22.0;22.0;28.62441440449044;26.88430583072585
1069;3.26;6.91;22.0;24.0;26.96650514990773;27.483847983861356
1070;7.74;2.12;24.5;21.0;26.974662185095106;27.72878648624927
1071;1.04;0.83;21.0;21.0;27.588011889224646;28.233333136560407
1072;6.24;7.44;23.5;24.0;27.77125132218568;26.770252146739296
1073;1.33;1.71;21.5;21.5;28.667771102755793;27.745015768602478
1074;1.62;1.88;21.0;22.5;28.48149574723912;28.28684499904505
1075;7.05;5.09;25.0;23.0;26.94489747614564;27.82915557468462
1076;-1.47;0.65;-21.0;11.0;28.05368246772605;27.763780362191312
1077;3.46;7.04;21.5;24.0;27.706829482999314;27.078375135890262
1078;1.47;5.55;22.5;24.0;28.092509677848295;27.200873147750237
1079;4.08;4.62;22.5;23.5;27.569795066340266;27.552778444287615
1080;-0.07;2.92;0.0;22.0;28.090302597159752;27.683092312817944
1081;-1.28;-0.98;-21.0;-21.0;27.86613715605376;27.216899162101473
1082;1.5;-0.12;21.5;-9.5;27.847980178102684;28.186620939729544
1083;-0.43;1.48;-12.5;21.5;27.828494389743767;27.663506646844322
1084;1.67;9.02;21.0;25.0;28.020369376580312;26.820879925908468
1085;2.12;5.08;23.0;22.5;27.847182981407652;27.292006155649315
1086;2.29;1.82;21.5;21.0;27.330676903435815;27.491955186926955
1087;1.94;4.85;21.0;23.0;28.25626302255838;28.047236940561547
1088;-0.41;1.48;-10.5;22.0;28.01217413911316;28.42726859900543
1089;2.29;4.35;23.0;24.0;27.909960587575185;27.867319569703863
